Имя,Почта,Телефон
Иванишко Анастасия ,siobhan_brinkman090@theology.com,+7(3452)416027 
Шеймов Игорь ,otha.saldana@gmail.com,+7(39550)42578 
Бодулев Сергей ,joette_fields3@salary.wiih.gov.pl,+7(3452)949805 
Ихтымбаева Лидия ,todd_goldstein814@yahoo.com,+7(863)8423840 
Юрочкин Филипп ,londa.staggs@hotmail.com,+7(4212)144503 
Нахимович Семен ,vada-moffett@hotmail.com,+7(495)7370814 
Коммисаржевская Анастасия ,carey.noel974@idaho.com,+7(4212)150681 
Шишко Марсель ,shanti814@yahoo.com,+7(8352)792727 
Арисова Евгения ,lauralee5@easier.com,+7(383)7468762 
Акиндинова Гульнара ,branda26436@gmail.com,+7(8202)369816 
Соцков Эдуард ,elias-clinton72@probability.com.pf,+7(351)8138497 
Барсегова Кира ,alysia.gaskin@phone.com,+7(861)7598579 
Аргамакова Дарья ,diana_bohannon76@gmail.com,+7(4212)745493 
Гатиятуллин Яков ,jeanellesaldana83837@flux.com,+7(8652)562809 
Светлицкий Кирилл ,anne_griffis889@yahoo.com,+7(4236)330906 
Беседовская Наталья ,mireyamcmillan7@hotmail.com,+7(831)8550325 
Ибраимова Елизавета ,shira.guinn@para.com,+7(3462)138301 
Рахманов Рамиль ,shirlee-turnbull3384@startup.com,+7(4742)557102 
Гузова Альбина ,adriene-kincaid2@good.com,+7(3452)724174 
Котов Сергей,kotov@list.ru,+7839439481948
Fill,ddsjhdj@dfjk.ru,+79210290101
